Datum von;Datum bis;Energiemenge in kWh;Ersatzwert;Restnetzueberschuss in kWh (Energiegemeinschaft);Status (Energiegemeinschaft)
17.03.2026 00:00;17.03.2026 00:15;0,000;;0,000;M
17.03.2026 00:15;17.03.2026 00:30;0,000;;0,000;M
17.03.2026 00:30;17.03.2026 00:45;0,000;;0,000;M
17.03.2026 00:45;17.03.2026 01:00;0,000;;0,000;M
17.03.2026 01:00;17.03.2026 01:15;0,000;;0,000;M
17.03.2026 01:15;17.03.2026 01:30;0,000;;0,000;M
17.03.2026 01:30;17.03.2026 01:45;0,000;;0,000;M
17.03.2026 01:45;17.03.2026 02:00;0,000;;0,000;M
17.03.2026 02:00;17.03.2026 02:15;0,000;;0,000;M
17.03.2026 02:15;17.03.2026 02:30;0,000;;0,000;M
17.03.2026 02:30;17.03.2026 02:45;0,000;;0,000;M
17.03.2026 02:45;17.03.2026 03:00;0,000;;0,000;M
17.03.2026 03:00;17.03.2026 03:15;0,000;;0,000;M
17.03.2026 03:15;17.03.2026 03:30;0,000;;0,000;M
17.03.2026 03:30;17.03.2026 03:45;0,000;;0,000;M
17.03.2026 03:45;17.03.2026 04:00;0,000;;0,000;M
17.03.2026 04:00;17.03.2026 04:15;0,000;;0,000;M
17.03.2026 04:15;17.03.2026 04:30;0,000;;0,000;M
17.03.2026 04:30;17.03.2026 04:45;0,000;;0,000;M
17.03.2026 04:45;17.03.2026 05:00;0,000;;0,000;M
17.03.2026 05:00;17.03.2026 05:15;0,000;;0,000;M
17.03.2026 05:15;17.03.2026 05:30;0,000;;0,000;M
17.03.2026 05:30;17.03.2026 05:45;0,000;;0,000;M
17.03.2026 05:45;17.03.2026 06:00;0,000;;0,000;M
17.03.2026 06:00;17.03.2026 06:15;0,000;;0,000;M
17.03.2026 06:15;17.03.2026 06:30;0,000;;0,000;M
17.03.2026 06:30;17.03.2026 06:45;0,000;;0,000;M
17.03.2026 06:45;17.03.2026 07:00;0,000;;0,000;M
17.03.2026 07:00;17.03.2026 07:15;0,000;;0,000;M
17.03.2026 07:15;17.03.2026 07:30;0,003;;0,000;M
17.03.2026 07:30;17.03.2026 07:45;0,016;;0,003;M
17.03.2026 07:45;17.03.2026 08:00;0,009;;0,003;M
17.03.2026 08:00;17.03.2026 08:15;0,009;;0,007;M
17.03.2026 08:15;17.03.2026 08:30;0,005;;0,004;M
17.03.2026 08:30;17.03.2026 08:45;0,006;;0,005;M
17.03.2026 08:45;17.03.2026 09:00;0,009;;0,006;M
17.03.2026 09:00;17.03.2026 09:15;0,006;;0,004;M
17.03.2026 09:15;17.03.2026 09:30;0,005;;0,004;M
17.03.2026 09:30;17.03.2026 09:45;0,003;;0,002;M
17.03.2026 09:45;17.03.2026 10:00;0,005;;0,004;M
17.03.2026 10:00;17.03.2026 10:15;0,009;;0,008;M
17.03.2026 10:15;17.03.2026 10:30;0,010;;0,008;M
17.03.2026 10:30;17.03.2026 10:45;0,047;;0,037;M
17.03.2026 10:45;17.03.2026 11:00;0,097;;0,080;M
17.03.2026 11:00;17.03.2026 11:15;0,005;;0,003;M
17.03.2026 11:15;17.03.2026 11:30;0,321;;0,274;M
17.03.2026 11:30;17.03.2026 11:45;0,726;;0,651;M
17.03.2026 11:45;17.03.2026 12:00;0,601;;0,528;M
17.03.2026 12:00;17.03.2026 12:15;0,069;;0,032;M
17.03.2026 12:15;17.03.2026 12:30;0,119;;0,064;M
17.03.2026 12:30;17.03.2026 12:45;0,848;;0,696;M
17.03.2026 12:45;17.03.2026 13:00;1,120;;1,041;M
17.03.2026 13:00;17.03.2026 13:15;1,303;;1,211;M
17.03.2026 13:15;17.03.2026 13:30;0,664;;0,603;M
17.03.2026 13:30;17.03.2026 13:45;0,945;;0,878;M
17.03.2026 13:45;17.03.2026 14:00;0,508;;0,442;M
17.03.2026 14:00;17.03.2026 14:15;1,077;;0,954;M
17.03.2026 14:15;17.03.2026 14:30;0,623;;0,531;M
17.03.2026 14:30;17.03.2026 14:45;0,921;;0,813;M
17.03.2026 14:45;17.03.2026 15:00;0,704;;0,617;M
17.03.2026 15:00;17.03.2026 15:15;0,354;;0,253;M
17.03.2026 15:15;17.03.2026 15:30;0,588;;0,485;M
17.03.2026 15:30;17.03.2026 15:45;0,189;;0,135;M
17.03.2026 15:45;17.03.2026 16:00;0,006;;0,003;M
17.03.2026 16:00;17.03.2026 16:15;0,113;;0,085;M
17.03.2026 16:15;17.03.2026 16:30;0,357;;0,266;M
17.03.2026 16:30;17.03.2026 16:45;0,187;;0,115;M
17.03.2026 16:45;17.03.2026 17:00;0,003;;0,002;M
17.03.2026 17:00;17.03.2026 17:15;0,004;;0,002;M
17.03.2026 17:15;17.03.2026 17:30;0,004;;0,002;M
17.03.2026 17:30;17.03.2026 17:45;0,003;;0,001;M
17.03.2026 17:45;17.03.2026 18:00;0,001;;0,000;M
17.03.2026 18:00;17.03.2026 18:15;0,000;;0,000;M
17.03.2026 18:15;17.03.2026 18:30;0,003;;0,000;M
17.03.2026 18:30;17.03.2026 18:45;0,002;;0,000;M
17.03.2026 18:45;17.03.2026 19:00;0,002;;0,000;M
17.03.2026 19:00;17.03.2026 19:15;0,001;;0,000;M
17.03.2026 19:15;17.03.2026 19:30;0,003;;0,000;M
17.03.2026 19:30;17.03.2026 19:45;0,001;;0,000;M
17.03.2026 19:45;17.03.2026 20:00;0,002;;0,000;M
17.03.2026 20:00;17.03.2026 20:15;0,003;;0,000;M
17.03.2026 20:15;17.03.2026 20:30;0,005;;0,000;M
17.03.2026 20:30;17.03.2026 20:45;0,002;;0,000;M
17.03.2026 20:45;17.03.2026 21:00;0,003;;0,000;M
17.03.2026 21:00;17.03.2026 21:15;0,004;;0,000;M
17.03.2026 21:15;17.03.2026 21:30;0,003;;0,000;M
17.03.2026 21:30;17.03.2026 21:45;0,001;;0,000;M
17.03.2026 21:45;17.03.2026 22:00;0,002;;0,000;M
17.03.2026 22:00;17.03.2026 22:15;0,003;;0,000;M
17.03.2026 22:15;17.03.2026 22:30;0,002;;0,000;M
17.03.2026 22:30;17.03.2026 22:45;0,004;;0,000;M
17.03.2026 22:45;17.03.2026 23:00;0,002;;0,000;M
17.03.2026 23:00;17.03.2026 23:15;0,004;;0,000;M
17.03.2026 23:15;17.03.2026 23:30;0,000;;0,000;M
17.03.2026 23:30;17.03.2026 23:45;0,000;;0,000;M
17.03.2026 23:45;18.03.2026 00:00;0,000;;0,000;M