Datum von;Datum bis;Energiemenge in kWh;Ersatzwert;Restnetzbezug in kWh (Energiegemeinschaft);Status (Energiegemeinschaft)
18.03.2026 00:00;18.03.2026 00:15;0,386;;;F
18.03.2026 00:15;18.03.2026 00:30;0,386;;;F
18.03.2026 00:30;18.03.2026 00:45;0,396;;;F
18.03.2026 00:45;18.03.2026 01:00;0,358;;;F
18.03.2026 01:00;18.03.2026 01:15;0,329;;;F
18.03.2026 01:15;18.03.2026 01:30;0,314;;;F
18.03.2026 01:30;18.03.2026 01:45;0,296;;;F
18.03.2026 01:45;18.03.2026 02:00;0,292;;;F
18.03.2026 02:00;18.03.2026 02:15;0,263;;;F
18.03.2026 02:15;18.03.2026 02:30;0,269;;;F
18.03.2026 02:30;18.03.2026 02:45;0,270;;;F
18.03.2026 02:45;18.03.2026 03:00;0,264;;;F
18.03.2026 03:00;18.03.2026 03:15;0,272;;;F
18.03.2026 03:15;18.03.2026 03:30;0,286;;;F
18.03.2026 03:30;18.03.2026 03:45;0,279;;;F
18.03.2026 03:45;18.03.2026 04:00;0,252;;;F
18.03.2026 04:00;18.03.2026 04:15;0,265;;;F
18.03.2026 04:15;18.03.2026 04:30;0,269;;;F
18.03.2026 04:30;18.03.2026 04:45;0,248;;;F
18.03.2026 04:45;18.03.2026 05:00;0,146;;;F
18.03.2026 05:00;18.03.2026 05:15;0,098;;;F
18.03.2026 05:15;18.03.2026 05:30;0,105;;;F
18.03.2026 05:30;18.03.2026 05:45;0,117;;;F
18.03.2026 05:45;18.03.2026 06:00;0,117;;;F
18.03.2026 06:00;18.03.2026 06:15;0,157;;;F
18.03.2026 06:15;18.03.2026 06:30;0,284;;;F
18.03.2026 06:30;18.03.2026 06:45;0,190;;;F
18.03.2026 06:45;18.03.2026 07:00;0,125;;;F
18.03.2026 07:00;18.03.2026 07:15;0,108;;;F
18.03.2026 07:15;18.03.2026 07:30;0,068;;;F
18.03.2026 07:30;18.03.2026 07:45;0,016;;;F
18.03.2026 07:45;18.03.2026 08:00;0,008;;;F
18.03.2026 08:00;18.03.2026 08:15;0,005;;;F
18.03.2026 08:15;18.03.2026 08:30;0,001;;;F
18.03.2026 08:30;18.03.2026 08:45;0,007;;;F
18.03.2026 08:45;18.03.2026 09:00;0,004;;;F
18.03.2026 09:00;18.03.2026 09:15;0,006;;;F
18.03.2026 09:15;18.03.2026 09:30;0,009;;;F
18.03.2026 09:30;18.03.2026 09:45;0,007;;;F
18.03.2026 09:45;18.03.2026 10:00;0,007;;;F
18.03.2026 10:00;18.03.2026 10:15;0,013;;;F
18.03.2026 10:15;18.03.2026 10:30;0,017;;;F
18.03.2026 10:30;18.03.2026 10:45;0,019;;;F
18.03.2026 10:45;18.03.2026 11:00;0,013;;;F
18.03.2026 11:00;18.03.2026 11:15;0,011;;;F
18.03.2026 11:15;18.03.2026 11:30;0,004;;;F
18.03.2026 11:30;18.03.2026 11:45;0,002;;;F
18.03.2026 11:45;18.03.2026 12:00;0,000;;;F
18.03.2026 12:00;18.03.2026 12:15;0,000;;;F
18.03.2026 12:15;18.03.2026 12:30;0,000;;;F
18.03.2026 12:30;18.03.2026 12:45;0,000;;;F
18.03.2026 12:45;18.03.2026 13:00;0,000;;;F
18.03.2026 13:00;18.03.2026 13:15;0,000;;;F
18.03.2026 13:15;18.03.2026 13:30;0,000;;;F
18.03.2026 13:30;18.03.2026 13:45;0,000;;;F
18.03.2026 13:45;18.03.2026 14:00;0,000;;;F
18.03.2026 14:00;18.03.2026 14:15;0,001;;;F
18.03.2026 14:15;18.03.2026 14:30;0,000;;;F
18.03.2026 14:30;18.03.2026 14:45;0,000;;;F
18.03.2026 14:45;18.03.2026 15:00;0,000;;;F
18.03.2026 15:00;18.03.2026 15:15;0,000;;;F
18.03.2026 15:15;18.03.2026 15:30;0,000;;;F
18.03.2026 15:30;18.03.2026 15:45;0,000;;;F
18.03.2026 15:45;18.03.2026 16:00;0,000;;;F
18.03.2026 16:00;18.03.2026 16:15;0,000;;;F
18.03.2026 16:15;18.03.2026 16:30;0,000;;;F
18.03.2026 16:30;18.03.2026 16:45;0,000;;;F
18.03.2026 16:45;18.03.2026 17:00;0,000;;;F
18.03.2026 17:00;18.03.2026 17:15;0,000;;;F
18.03.2026 17:15;18.03.2026 17:30;0,004;;;F
18.03.2026 17:30;18.03.2026 17:45;0,004;;;F
18.03.2026 17:45;18.03.2026 18:00;0,002;;;F
18.03.2026 18:00;18.03.2026 18:15;0,002;;;F
18.03.2026 18:15;18.03.2026 18:30;0,001;;;F
18.03.2026 18:30;18.03.2026 18:45;0,001;;;F
18.03.2026 18:45;18.03.2026 19:00;0,001;;;F
18.03.2026 19:00;18.03.2026 19:15;0,003;;;F
18.03.2026 19:15;18.03.2026 19:30;0,001;;;F
18.03.2026 19:30;18.03.2026 19:45;0,002;;;F
18.03.2026 19:45;18.03.2026 20:00;0,004;;;F
18.03.2026 20:00;18.03.2026 20:15;0,002;;;F
18.03.2026 20:15;18.03.2026 20:30;0,004;;;F
18.03.2026 20:30;18.03.2026 20:45;0,002;;;F
18.03.2026 20:45;18.03.2026 21:00;0,004;;;F
18.03.2026 21:00;18.03.2026 21:15;0,002;;;F
18.03.2026 21:15;18.03.2026 21:30;0,003;;;F
18.03.2026 21:30;18.03.2026 21:45;0,002;;;F
18.03.2026 21:45;18.03.2026 22:00;0,004;;;F
18.03.2026 22:00;18.03.2026 22:15;0,007;;;F
18.03.2026 22:15;18.03.2026 22:30;0,002;;;F
18.03.2026 22:30;18.03.2026 22:45;0,003;;;F
18.03.2026 22:45;18.03.2026 23:00;0,002;;;F
18.03.2026 23:00;18.03.2026 23:15;0,004;;;F
18.03.2026 23:15;18.03.2026 23:30;0,003;;;F
18.03.2026 23:30;18.03.2026 23:45;0,001;;;F
18.03.2026 23:45;19.03.2026 00:00;0,003;;;F